,created_at,screen_name,text,lang,retweet_count,reply_count,like_count,quote_count,id,author_id,conversation_id,in_reply_to_user_id,geo,entities
0,2018-06-10T23:55:55.000Z,None,@SubieGal16 Instant Pot... you can throw in frozen meat and out comes deliciousness within 45 minutes end to end. I've gpt nothing for the picky eaters. My little sister was a picky eater and now karma has smacked her with two picky eaters of her own.,en,0,1,0,0,1005961789715173376,3255985908,1005958663503273989,941152642356539392,nan,"{'mentions': [{'start': 0, 'end': 11, 'username': 'SubieGal16', 'id': '941152642356539392'}]}"
1,2018-06-10T22:46:46.000Z,None,"@BrooksKnudsen @PoppetNosie @VegasGamerBabe FYI, saw on GPT‚Äôs feed that Giants reported by Rosenthal to have put Gearrin on waivers in hopes another team picks him and salary up, to save $1M.  He went through, so he stayed.   So they have begun already.  Dyson good choice, for money plus ability, but will we get much 4him?",en,0,1,0,0,1005944390194364416,151185607,1005874007881609216,38484579,nan,"{'mentions': [{'start': 0, 'end': 14, 'username': 'BrooksKnudsen', 'id': '38484579'}, {'start': 15, 'end': 27, 'username': 'PoppetNosie', 'id': '3310958929'}, {'start': 28, 'end': 43, 'username': 'VegasGamerBabe', 'id': '803330952'}], 'annotations': [{'start': 56, 'end': 58, 'probability': 0.436, 'type': 'Organization', 'normalized_text': 'GPT'}, {'start': 72, 'end': 77, 'probability': 0.9499, 'type': 'Organization', 'normalized_text': 'Giants'}, {'start': 91, 'end': 99, 'probability': 0.8928, 'type': 'Person', 'normalized_text': 'Rosenthal'}, {'start': 113, 'end': 119, 'probability': 0.8238, 'type': 'Person', 'normalized_text': 'Gearrin'}, {'start': 255, 'end': 259, 'probability': 0.8232, 'type': 'Person', 'normalized_text': 'Dyson'}]}"
2,2018-06-10T20:28:21.000Z,None,"@gpt_prasanth Wandering for days. #ClawsTNT Season 2 begins tonight at 9/8c on @TNTDrama! 
Reply #stop to unsubscribe. https://t.co/X5dRzgwlgg",en,0,0,1,0,1005909556214534145,819325068287340544,1005909556214534145,998416774092677121,nan,"{'hashtags': [{'start': 34, 'end': 43, 'tag': 'ClawsTNT'}, {'start': 97, 'end': 102, 'tag': 'stop'}], 'mentions': [{'start': 0, 'end': 13, 'username': 'gpt_prasanth', 'id': '998416774092677121'}, {'start': 79, 'end': 88, 'username': 'tntdrama', 'id': '15981505'}], 'urls': [{'start': 119, 'end': 142, 'url': 'https://t.co/X5dRzgwlgg', 'expanded_url': 'https://twitter.com/ClawsTNT/status/1005909556214534145/video/1', 'display_url': 'pic.twitter.com/X5dRzgwlgg', 'media_key': '13_997590501367824384'}], 'annotations': [{'start': 35, 'end': 42, 'probability': 0.5636, 'type': 'Other', 'normalized_text': 'ClawsTNT'}]}"
3,2018-06-10T20:13:48.000Z,None,Gave my @Uber driver that took me home at 4 am some shots abd gpt his number,en,0,1,1,0,1005905894725611520,2857016292,1005905894725611520,nan,nan,"{'mentions': [{'start': 8, 'end': 13, 'username': 'Uber', 'id': '19103481'}]}"
4,2018-06-10T19:48:44.000Z,None,@majornelson good luck gpt the live stream on and waiting to see what you got for us.......,en,0,0,0,0,1005899586945331200,172317052,1005899586945331200,15913,nan,"{'mentions': [{'start': 0, 'end': 12, 'username': 'majornelson', 'id': '15913'}]}"
5,2018-06-10T17:45:47.000Z,None,I liked a @YouTube video https://t.co/rlpJ8yEnrP How to change GPT to MBR during windows 7 installation,en,0,0,0,0,1005868643715108866,194571174,1005868643715108866,nan,nan,"{'mentions': [{'start': 10, 'end': 18, 'username': 'YouTube', 'id': '10228272'}], 'urls': [{'start': 25, 'end': 48, 'url': 'https://t.co/rlpJ8yEnrP', 'expanded_url': 'http://youtu.be/nymMWop7bPw?a', 'display_url': 'youtu.be/nymMWop7bPw?a', 'status': 200, 'unwound_url': 'https://www.youtube.com/watch?a&v=nymMWop7bPw&feature=youtu.be'}], 'annotations': [{'start': 63, 'end': 65, 'probability': 0.7638, 'type': 'Other', 'normalized_text': 'GPT'}, {'start': 70, 'end': 72, 'probability': 0.7487, 'type': 'Other', 'normalized_text': 'MBR'}, {'start': 81, 'end': 89, 'probability': 0.7994, 'type': 'Other', 'normalized_text': 'windows 7'}]}"
6,2018-06-10T17:33:18.000Z,None,@BanditaSwain2 @mvmeet @rosypatel8 How much u gpt from pappu,en,0,0,0,0,1005865502323822593,997916077060276224,1001727841652928513,747471985056243712,nan,"{'mentions': [{'start': 0, 'end': 14, 'username': 'BanditaSwain2', 'id': '1508264713188409346'}, {'start': 15, 'end': 22, 'username': 'mvmeet', 'id': '249520655'}, {'start': 23, 'end': 34, 'username': 'rosypatel8', 'id': '2902917932'}], 'annotations': [{'start': 55, 'end': 59, 'probability': 0.4564, 'type': 'Place', 'normalized_text': 'pappu'}]}"
7,2018-06-10T16:48:27.000Z,None,@real_MikeBarnes @IKN_Mark They are still trying to understand the geology and until they have a better understanding of it they will continue to keep the historical cut off. Historical production was 4 gpt.,en,0,2,0,0,1005854216915693569,38430256,988886391647072258,38430256,nan,"{'mentions': [{'start': 0, 'end': 16, 'username': 'real_MikeBarnes', 'id': '892890724206866432'}, {'start': 17, 'end': 26, 'username': 'ikn_mark', 'id': '1453218555785211905'}]}"
8,2018-06-10T16:47:08.000Z,None,"@lisaquestions @Still_Alive_44 Worked 15 yrs ago with a lady i gpt on with famously, was the only one, my daughters friend is getting married this year &amp; im going as is my male partner who thinks shes beautiful, i dont care if your trans or not, if you feel male or female that is how i will identify with you",en,0,0,1,0,1005853882172485632,554547123,1005848814870122496,16279337,nan,"{'mentions': [{'start': 0, 'end': 14, 'username': 'lisaquestions', 'id': '16279337'}]}"
9,2018-06-10T16:18:58.000Z,None,@Cimorelliband now i gpt to hold breath for 42 minutes but finally get out of this rollercoaster https://t.co/0ZMCvOTaN1,en,0,0,1,0,1005846797670076416,859947442887958528,1005846797670076416,21257976,nan,"{'mentions': [{'start': 0, 'end': 14, 'username': 'Cimorelliband', 'id': '21257976'}], 'urls': [{'start': 97, 'end': 120, 'url': 'https://t.co/0ZMCvOTaN1', 'expanded_url': 'https://twitter.com/MinnesotaCimFan/status/1005846797670076416/photo/1', 'display_url': 'pic.twitter.com/0ZMCvOTaN1', 'media_key': '3_1005846790657077251'}]}"
10,2018-06-10T15:26:03.000Z,None,fix corrupted gpt partition in windows 10 ‚Ä¢ r/windows https://t.co/Suv4xrle96,en,0,0,0,0,1005833478129246208,1454601,1005833478129246208,nan,nan,"{'urls': [{'start': 54, 'end': 77, 'url': 'https://t.co/Suv4xrle96', 'expanded_url': 'https://goo.gl/LwpKtS', 'display_url': 'goo.gl/LwpKtS'}], 'annotations': [{'start': 31, 'end': 40, 'probability': 0.7261, 'type': 'Other', 'normalized_text': 'windows 10'}]}"
11,2018-06-10T15:24:59.000Z,None,fix corrupted gpt partition in windows 10 https://t.co/H8kz3uo0L1 https://t.co/eVvPMaDFC9,en,0,0,0,0,1005833210612236288,1454601,1005833210612236288,nan,nan,"{'urls': [{'start': 42, 'end': 65, 'url': 'https://t.co/H8kz3uo0L1', 'expanded_url': 'https://goo.gl/EYpPht', 'display_url': 'goo.gl/EYpPht'}, {'start': 66, 'end': 89, 'url': 'https://t.co/eVvPMaDFC9', 'expanded_url': 'https://twitter.com/ve3ofa/status/1005833210612236288/photo/1', 'display_url': 'pic.twitter.com/eVvPMaDFC9', 'media_key': '3_1005833208670216192'}], 'annotations': [{'start': 31, 'end': 40, 'probability': 0.8888, 'type': 'Other', 'normalized_text': 'windows 10'}]}"
12,2018-06-10T14:45:06.000Z,None,"[March 6, 2018] Goliath Resources Ltd - A Picture From the #PDAC2018 Showing a Sample From Our Copperhead Property 11 M Chip Sample Rep W494602 - #mining #commodities View Website Photo -&gt; https://t.co/Ltkd208OWV https://t.co/P07cRuFQX3",en,2,0,2,0,1005823175115100160,904400933970370560,1005823175115100160,nan,nan,"{'hashtags': [{'start': 59, 'end': 68, 'tag': 'PDAC2018'}, {'start': 146, 'end': 153, 'tag': 'mining'}, {'start': 154, 'end': 166, 'tag': 'commodities'}], 'urls': [{'start': 192, 'end': 215, 'url': 'https://t.co/Ltkd208OWV', 'expanded_url': 'https://goliathresourcesltd.com/wp-content/uploads/2017/10/Copper-King-2017-11m-Chip-0.17-gpt-Au-4.28-Cu-45.41-gpt-Ag.jpg', 'display_url': 'goliathresourcesltd.com/wp-content/upl‚Ä¶'}, {'start': 216, 'end': 239, 'url': 'https://t.co/P07cRuFQX3', 'expanded_url': 'https://twitter.com/GoliathResource/status/1005823175115100160/photo/1', 'display_url': 'pic.twitter.com/P07cRuFQX3', 'media_key': '3_1005823173185507328'}], 'annotations': [{'start': 16, 'end': 36, 'probability': 0.5584, 'type': 'Organization', 'normalized_text': 'Goliath Resources Ltd'}, {'start': 60, 'end': 67, 'probability': 0.5996, 'type': 'Other', 'normalized_text': 'PDAC2018'}]}"
13,2018-06-10T13:19:01.000Z,None,Went to sleep at 2 this morning to wake up at 4 to drop @pEx_keagan off at the airport. Gpt home went to sleep and woke up now... Still super tired,en,0,2,13,0,1005801508108165120,4157960897,1005801508108165120,nan,nan,"{'mentions': [{'start': 56, 'end': 67, 'username': 'pEx_keagan', 'id': '890281200086134792'}]}"
14,2018-06-10T12:49:00.000Z,None,"** Extra Cash Alert** If you enjoy reading, you can get paid online to read emails. Check out these popular 10 GPT sites!

&gt;&gt; https://t.co/WZiawaie0o",en,0,0,0,0,1005793956112879616,2214467554,1005793956112879616,nan,nan,"{'urls': [{'start': 132, 'end': 155, 'url': 'https://t.co/WZiawaie0o', 'expanded_url': 'https://www.dreamhomebasedwork.com/get-paid-to-read-emails/', 'display_url': 'dreamhomebasedwork.com/get-paid-to-re‚Ä¶', 'status': 200, 'unwound_url': 'https://www.dreamhomebasedwork.com/get-paid-to-read-emails/'}]}"
15,2018-06-10T12:48:54.000Z,None,Exciting watching them progress online https://t.co/AmOMAi9Q0y @VarndeanDT https://t.co/kMqyJzukfe,en,0,0,0,0,1005793928803692544,884307238264995841,1005793928803692544,nan,nan,"{'mentions': [{'start': 63, 'end': 74, 'username': 'VarndeanDT', 'id': '909755645309652993'}], 'urls': [{'start': 39, 'end': 62, 'url': 'https://t.co/AmOMAi9Q0y', 'expanded_url': 'http://www.bbk-online.net/gpt/race446.php', 'display_url': 'bbk-online.net/gpt/race446.php'}, {'start': 75, 'end': 98, 'url': 'https://t.co/kMqyJzukfe', 'expanded_url': 'https://twitter.com/varndeandt/status/1005790881713188864', 'display_url': 'twitter.com/varndeandt/sta‚Ä¶'}]}"
16,2018-06-10T12:11:41.000Z,None,@StefanodocSM Hes gpt style,en,0,0,0,0,1005784565435101185,2397928447,1005735091459457024,2520000468,nan,"{'mentions': [{'start': 0, 'end': 13, 'username': 'StefanodocSM', 'id': '2520000468'}]}"
17,2018-06-10T11:47:31.000Z,None,"@PJHATE99 Cian, gpt",en,0,1,0,0,1005778484487024641,849195795236569088,1005777532711419905,4653391158,nan,"{'annotations': [{'start': 10, 'end': 13, 'probability': 0.523, 'type': 'Other', 'normalized_text': 'Cian'}]}"
18,2018-06-10T09:08:23.000Z,None,@stockings_sam my bed gpt ur name all over it,en,0,0,0,0,1005738435531935744,890139419721781249,1005737727483174912,793664485,nan,"{'mentions': [{'start': 0, 'end': 14, 'username': 'stockings_sam', 'id': '1579283222420144129'}]}"
19,2018-06-10T07:55:24.000Z,None,How to make a bootable UEFI usb pendrive for GPT partition style disk: https://t.co/fE0OiKBfZ8 via @YouTube,en,0,0,0,0,1005720070260252672,3070588334,1005720070260252672,nan,nan,"{'mentions': [{'start': 99, 'end': 107, 'username': 'YouTube', 'id': '10228272'}], 'urls': [{'start': 71, 'end': 94, 'url': 'https://t.co/fE0OiKBfZ8', 'expanded_url': 'http://youtu.be/yhGXzKli93w?a', 'display_url': 'youtu.be/yhGXzKli93w?a', 'status': 200, 'unwound_url': 'https://www.youtube.com/watch?a&v=yhGXzKli93w&feature=youtu.be'}], 'annotations': [{'start': 23, 'end': 26, 'probability': 0.5654, 'type': 'Other', 'normalized_text': 'UEFI'}, {'start': 45, 'end': 47, 'probability': 0.6401, 'type': 'Other', 'normalized_text': 'GPT'}]}"
20,2018-06-10T06:03:56.000Z,None,‚ÄúThese results indicate that public clocks as a GPT indeed localized spillover effects on various economic and economy-supporting activities and led to higher city growth rates.‚Äù,en,0,0,0,0,1005692016833904640,16944165,1005691849850290176,16944165,nan,"{'annotations': [{'start': 48, 'end': 50, 'probability': 0.4222, 'type': 'Organization', 'normalized_text': 'GPT'}]}"
21,2018-06-10T05:25:33.000Z,None,"D-day, come find us in pit 75 to see what we‚Äôve been working on üòâ @Greenpowertrust @RenishawGP @Kestrel_GPT @RRacerUpdates @CAUC_SHS #gpgoodwood",en,0,0,4,0,1005682358538981376,3033401211,1005682358538981376,nan,nan,"{'hashtags': [{'start': 133, 'end': 144, 'tag': 'gpgoodwood'}], 'mentions': [{'start': 66, 'end': 82, 'username': 'Greenpowertrust', 'id': '1227984944816967680'}, {'start': 83, 'end': 94, 'username': 'RenishawGP', 'id': '730737240226287616'}, {'start': 95, 'end': 107, 'username': 'Kestrel_GPT', 'id': '759368568144289792'}, {'start': 108, 'end': 122, 'username': 'RRacerUpdates', 'id': '916908064497905664'}, {'start': 123, 'end': 132, 'username': 'CAUC_SHS', 'id': '1582536602'}], 'annotations': [{'start': 134, 'end': 143, 'probability': 0.3834, 'type': 'Other', 'normalized_text': 'gpgoodwood'}]}"
22,2018-06-10T02:12:28.000Z,None,I gpt so used hearing the word hyung that now I find calling them oppa a bit awkward üòÇüòÇ,en,0,0,0,0,1005633766864240640,814131247177809921,1005633766864240640,nan,nan,"{'annotations': [{'start': 31, 'end': 35, 'probability': 0.5883, 'type': 'Person', 'normalized_text': 'hyung'}]}"
23,2018-06-10T01:46:26.000Z,None,"@SawyerN_SGN ME AND MAH FRIENDS DID 700,000+ TO THE DANCING SHELLY AND STILL NO HEALTH. WE GPT KICKED AND we were bored so we spent 12+ hours mining it and we had to do stuff so we used mammoths and then everyone got kicked but my friend managed one screenshot before being kicked https://t.co/wAQ0DESEKH",en,0,0,0,0,1005627216284266496,843540004789981187,1005627216284266496,711332182476910592,nan,"{'mentions': [{'start': 0, 'end': 12, 'username': 'sawyern_sgn', 'id': '1036225078458048512'}], 'urls': [{'start': 281, 'end': 304, 'url': 'https://t.co/wAQ0DESEKH', 'expanded_url': 'https://twitter.com/JaydenDao2/status/1005627216284266496/photo/1', 'display_url': 'pic.twitter.com/wAQ0DESEKH', 'media_key': '3_1005627209678237696'}], 'annotations': [{'start': 20, 'end': 22, 'probability': 0.8888, 'type': 'Other', 'normalized_text': 'MAH'}, {'start': 91, 'end': 93, 'probability': 0.4726, 'type': 'Other', 'normalized_text': 'GPT'}]}"
24,2018-06-10T01:12:15.000Z,None,Molly gpt me crazy I‚Äôm feeling UPSET perps too lazy can‚Äôt FOCUS,en,0,0,0,0,1005618612143472640,2681273593,1005618612143472640,nan,nan,"{'annotations': [{'start': 0, 'end': 4, 'probability': 0.8768, 'type': 'Other', 'normalized_text': 'Molly'}]}"
25,2018-06-10T01:00:43.000Z,None,@lopezee right! oh well..im already back at it..and gpt more yard work tom!,en,0,0,1,0,1005615711476121600,459823706,1005438513368780800,83748377,nan,"{'mentions': [{'start': 0, 'end': 8, 'username': 'lopezee', 'id': '83748377'}]}"
26,2018-06-09T21:55:43.000Z,None,@blackyngdave1 @RedBuds @james_bong13 @WildlingOrganic @_jena4n @Dr_Big_Budzz @khyatt2876 @enokian1 @Awesomelysam1 @biffblisters @5tonergirl420 @Amznfrknaz @migoodridge1 @WeedGir53647797 @snm_2186 @NorCalStoner420 @4Rare420_Rx @TheDoobRanch @hippieluvbud62 @LARRYIRBY6 @and1_grant @cannaworldsite @Michael57645022 Just gpt dropped at weed guys !!!,en,0,2,4,0,1005569153355247616,2778207364,1005538148158324736,870097566012256256,nan,"{'mentions': [{'start': 15, 'end': 23, 'username': 'RedBuds', 'id': '51665521'}, {'start': 24, 'end': 37, 'username': 'james_bong13', 'id': '771928911236169732'}, {'start': 38, 'end': 54, 'username': 'WildlingOrganic', 'id': '952553738484449280'}, {'start': 55, 'end': 63, 'username': '_jena4n', 'id': '2543557041'}, {'start': 64, 'end': 77, 'username': 'Dr_Big_Budzz', 'id': '924011726399508485'}, {'start': 78, 'end': 89, 'username': 'khyatt2876', 'id': '3286808412'}, {'start': 90, 'end': 99, 'username': 'enokian1', 'id': '838195923331117056'}, {'start': 115, 'end': 128, 'username': 'biffblisters', 'id': '1932081036'}, {'start': 129, 'end': 143, 'username': '5tonergirl420', 'id': '325359537'}, {'start': 144, 'end': 155, 'username': 'Amznfrknaz', 'id': '130022387'}, {'start': 156, 'end': 169, 'username': 'migoodridge1', 'id': '1168330748'}, {'start': 170, 'end': 186, 'username': 'WeedGir53647797', 'id': '982675379373486080'}, {'start': 187, 'end': 196, 'username': 'snm_2186', 'id': '328407981'}, {'start': 197, 'end': 213, 'username': 'NorCalStoner420', 'id': '2832398635'}, {'start': 214, 'end': 226, 'username': '4Rare420_Rx', 'id': '3219803203'}, {'start': 257, 'end': 268, 'username': 'LARRYIRBY6', 'id': '793468783264432133'}, {'start': 269, 'end': 280, 'username': 'and1_grant', 'id': '3904028316'}, {'start': 281, 'end': 296, 'username': 'cannaworldsite', 'id': '816290173298282496'}]}"
27,2018-06-09T20:24:52.000Z,None,"""GPT MALIKA"" Matt :spandek high quality Price :105.000 For order invite pin 24e7463a &amp; Wa 081222252114. https://t.co/WIc3FYicfs",en,0,0,0,0,1005546291600879616,1705333058,1005546291600879616,nan,nan,"{'urls': [{'start': 108, 'end': 131, 'url': 'https://t.co/WIc3FYicfs', 'expanded_url': 'https://twitter.com/vamoshASIA/status/569043027001364480/photo/1', 'display_url': 'pic.twitter.com/WIc3FYicfs', 'media_key': '3_569043021853769728'}], 'annotations': [{'start': 5, 'end': 10, 'probability': 0.3051, 'type': 'Other', 'normalized_text': 'MALIKA'}, {'start': 13, 'end': 16, 'probability': 0.3872, 'type': 'Person', 'normalized_text': 'Matt'}]}"
28,2018-06-09T20:09:58.000Z,None,Supporting the GPT with Your Amazon¬†Purchase https://t.co/2JyI4ewks5 https://t.co/dBUxlYY0w6,en,0,0,2,0,1005542542820114432,236100296,1005542542820114432,nan,nan,"{'urls': [{'start': 45, 'end': 68, 'url': 'https://t.co/2JyI4ewks5', 'expanded_url': 'https://greatplainstrail.wordpress.com/2018/06/09/supporting-the-gpt-with-your-amazon-purchase/', 'display_url': 'greatplainstrail.wordpress.com/2018/06/09/sup‚Ä¶'}, {'start': 69, 'end': 92, 'url': 'https://t.co/dBUxlYY0w6', 'expanded_url': 'https://twitter.com/grtplainstrail/status/1005542542820114432/photo/1', 'display_url': 'pic.twitter.com/dBUxlYY0w6', 'media_key': '3_1005542540970418176'}], 'annotations': [{'start': 15, 'end': 17, 'probability': 0.3724, 'type': 'Other', 'normalized_text': 'GPT'}]}"
29,2018-06-09T19:45:05.000Z,None,Dang the wood whp gpt away. Still the 1st half. We WILL come back from this,en,0,0,1,0,1005536277356138496,885686669566918656,1005536277356138496,nan,nan,nan
30,2018-06-09T19:03:48.000Z,None,"[freebsd] https://t.co/n9XF4UZBAu allanjude - Add ZFS+GPT EFI and LEGACY+EFI to https://t.co/jiIcjC1maH and https://t.co/0gLA0OnS14

Reviewed by:imp (maintain...",en,0,0,0,0,1005525889235542018,2804004565,1005525889235542018,nan,nan,"{'urls': [{'start': 10, 'end': 33, 'url': 'https://t.co/n9XF4UZBAu', 'expanded_url': 'https://github.com/bsd-hacker/freebsd/commit/c7a005a657aab1224cd540fcc90052f606bfd609', 'display_url': 'github.com/bsd-hacker/fre‚Ä¶'}, {'start': 80, 'end': 103, 'url': 'https://t.co/jiIcjC1maH', 'expanded_url': 'http://rootgen.sh', 'display_url': 'rootgen.sh'}, {'start': 108, 'end': 131, 'url': 'https://t.co/0gLA0OnS14', 'expanded_url': 'http://installboot.sh', 'display_url': 'installboot.sh'}], 'annotations': [{'start': 34, 'end': 42, 'probability': 0.5607, 'type': 'Other', 'normalized_text': 'allanjude'}, {'start': 66, 'end': 71, 'probability': 0.5759, 'type': 'Other', 'normalized_text': 'LEGACY'}]}"
31,2018-06-09T18:55:20.000Z,None,"[freebsd] https://t.co/IcwmVXtCQb allanjude - Add ZFS+GPT EFI and LEGACY+EFI to https://t.co/jiIcjC1maH and https://t.co/0gLA0OnS14

Reviewed by:imp (maintain...",en,0,0,0,0,1005523758600343552,2804004565,1005523758600343552,nan,nan,"{'urls': [{'start': 10, 'end': 33, 'url': 'https://t.co/IcwmVXtCQb', 'expanded_url': 'https://github.com/bsd-hacker/freebsd/commit/3302cbedd66dc7e43a97bf85feb7d9a0b659cb9f', 'display_url': 'github.com/bsd-hacker/fre‚Ä¶'}, {'start': 80, 'end': 103, 'url': 'https://t.co/jiIcjC1maH', 'expanded_url': 'http://rootgen.sh', 'display_url': 'rootgen.sh'}, {'start': 108, 'end': 131, 'url': 'https://t.co/0gLA0OnS14', 'expanded_url': 'http://installboot.sh', 'display_url': 'installboot.sh'}], 'annotations': [{'start': 34, 'end': 42, 'probability': 0.5607, 'type': 'Other', 'normalized_text': 'allanjude'}, {'start': 66, 'end': 71, 'probability': 0.5759, 'type': 'Other', 'normalized_text': 'LEGACY'}]}"
32,2018-06-09T15:56:29.000Z,None,SJFKSKFJDJ CHYLER TALKING ABOUT A DOCUMENTARY AND KATIE JUMPING RIGHT IN IS THE BEST THING EVER SHE GPT SO EXCITED I‚ÄòM CRYINGGGG,en,33,0,146,0,1005478750451126275,826474940119515136,1005478750451126275,nan,nan,"{'annotations': [{'start': 11, 'end': 16, 'probability': 0.4102, 'type': 'Other', 'normalized_text': 'CHYLER'}, {'start': 50, 'end': 54, 'probability': 0.5145, 'type': 'Other', 'normalized_text': 'KATIE'}]}"
33,2018-06-09T15:33:05.000Z,None,"I am trying to install windows 10 in my laptop but I am not able to install as I am getting error that ENSURE THAT THE DISKS CONTROLLER IS ENABLE IN THE COMPUTER BIOS MENU ,
I try to clean the partition by command prompt as well as convert gpt to MBR / NTFS but nothing work out https://t.co/db3dNygYI2",en,0,0,0,0,1005472859035058177,2969221315,1005472859035058177,nan,nan,"{'urls': [{'start': 279, 'end': 302, 'url': 'https://t.co/db3dNygYI2', 'expanded_url': 'https://twitter.com/windowsblog/status/996374815870251008', 'display_url': 'twitter.com/windowsblog/st‚Ä¶'}], 'annotations': [{'start': 23, 'end': 32, 'probability': 0.5507, 'type': 'Other', 'normalized_text': 'windows 10'}, {'start': 167, 'end': 170, 'probability': 0.5388, 'type': 'Other', 'normalized_text': 'MENU'}, {'start': 247, 'end': 249, 'probability': 0.7119, 'type': 'Other', 'normalized_text': 'MBR'}, {'start': 253, 'end': 256, 'probability': 0.6556, 'type': 'Other', 'normalized_text': 'NTFS'}]}"
34,2018-06-09T15:32:07.000Z,None,"I am trying to install windows 10 in my laptop but I am not able to install as I am getting error that ENSURE THAT THE DISKS CONTROLLER IS ENABLE IN THE COMPUTER BIOS MENU ,
I try to clean the partition by command prompt as well as convert gpt to MBR / NTFS but nothing work out https://t.co/PTmeJ3QYBX",en,0,0,0,0,1005472616222633984,2969221315,1005472616222633984,nan,nan,"{'urls': [{'start': 279, 'end': 302, 'url': 'https://t.co/PTmeJ3QYBX', 'expanded_url': 'https://twitter.com/windows10builds/status/532619602971590656', 'display_url': 'twitter.com/windows10build‚Ä¶'}], 'annotations': [{'start': 23, 'end': 32, 'probability': 0.5507, 'type': 'Other', 'normalized_text': 'windows 10'}, {'start': 167, 'end': 170, 'probability': 0.5388, 'type': 'Other', 'normalized_text': 'MENU'}, {'start': 247, 'end': 249, 'probability': 0.7119, 'type': 'Other', 'normalized_text': 'MBR'}, {'start': 253, 'end': 256, 'probability': 0.6556, 'type': 'Other', 'normalized_text': 'NTFS'}]}"
35,2018-06-09T15:30:15.000Z,None,"I am trying to install windows 10 in my  laptop but I am not able to install as I am getting error that ENSURE THAT THE DISKS CONTROLLER IS ENABLE IN THE COMPUTER BIOS MENU ,
I try to clean the partition by command prompt as well as convert gpt to MBR / NTFS but nothing work out https://t.co/lXW333NKdM",en,0,0,0,0,1005472146292801536,2969221315,1005472146292801536,nan,nan,"{'urls': [{'start': 280, 'end': 303, 'url': 'https://t.co/lXW333NKdM', 'expanded_url': 'https://twitter.com/Windows10Helps/status/847960153240608772', 'display_url': 'twitter.com/Windows10Helps‚Ä¶'}], 'annotations': [{'start': 23, 'end': 32, 'probability': 0.5507, 'type': 'Other', 'normalized_text': 'windows 10'}, {'start': 168, 'end': 171, 'probability': 0.5388, 'type': 'Other', 'normalized_text': 'MENU'}, {'start': 248, 'end': 250, 'probability': 0.7119, 'type': 'Other', 'normalized_text': 'MBR'}, {'start': 254, 'end': 257, 'probability': 0.6556, 'type': 'Other', 'normalized_text': 'NTFS'}]}"
36,2018-06-09T14:12:19.000Z,None,@TeamBirdGP @Kestrel_GPT @Greenpower_USA @RenishawGP @VTIZ_RacingTeam @Greenpowertrust @DresselRacing @Stealth_Racing @CUGreenDragon Orange or lime green,en,0,0,1,0,1005452536353083392,3930221050,1005447385512861696,3033401211,nan,"{'mentions': [{'start': 0, 'end': 11, 'username': 'TeamBirdGP', 'id': '3033401211'}, {'start': 12, 'end': 24, 'username': 'Kestrel_GPT', 'id': '759368568144289792'}, {'start': 25, 'end': 40, 'username': 'Greenpower_USA', 'id': '2542644907'}, {'start': 41, 'end': 52, 'username': 'RenishawGP', 'id': '730737240226287616'}, {'start': 53, 'end': 69, 'username': 'VTIZ_RacingTeam', 'id': '930552037456121857'}, {'start': 70, 'end': 86, 'username': 'Greenpowertrust', 'id': '1227984944816967680'}, {'start': 87, 'end': 101, 'username': 'DresselRacing', 'id': '818074288926453760'}, {'start': 102, 'end': 117, 'username': 'Stealth_Racing', 'id': '3175710088'}, {'start': 118, 'end': 132, 'username': 'CUGreenDragon', 'id': '922428749731323904'}]}"
37,2018-06-09T14:05:27.000Z,None,@TeamBirdGP @Kestrel_GPT @Greenpower_USA @RenishawGP @VTIZ_RacingTeam @SgaRusko @Greenpowertrust @DresselRacing @CUGreenDragon Got to be red or orange....,en,0,0,1,0,1005450805430890498,3175710088,1005447385512861696,3033401211,nan,"{'mentions': [{'start': 0, 'end': 11, 'username': 'TeamBirdGP', 'id': '3033401211'}, {'start': 12, 'end': 24, 'username': 'Kestrel_GPT', 'id': '759368568144289792'}, {'start': 25, 'end': 40, 'username': 'Greenpower_USA', 'id': '2542644907'}, {'start': 41, 'end': 52, 'username': 'RenishawGP', 'id': '730737240226287616'}, {'start': 53, 'end': 69, 'username': 'VTIZ_RacingTeam', 'id': '930552037456121857'}, {'start': 70, 'end': 79, 'username': 'SgaRusko', 'id': '3930221050'}, {'start': 80, 'end': 96, 'username': 'Greenpowertrust', 'id': '1227984944816967680'}, {'start': 97, 'end': 111, 'username': 'DresselRacing', 'id': '818074288926453760'}, {'start': 112, 'end': 126, 'username': 'CUGreenDragon', 'id': '922428749731323904'}]}"
38,2018-06-09T13:51:51.000Z,None,1 day to go so let‚Äôs make it look pretty before it gets wired #wrapped but what colour? ü§î @Kestrel_GPT @Greenpower_USA @RenishawGP @VTIZ_RacingTeam @SgaRusko @Greenpowertrust @DresselRacing @Stealth_Racing @CUGreenDragon https://t.co/Sps64wtIvF,en,0,2,3,0,1005447385512861696,3033401211,1005447385512861696,nan,nan,"{'hashtags': [{'start': 62, 'end': 70, 'tag': 'wrapped'}], 'mentions': [{'start': 90, 'end': 102, 'username': 'Kestrel_GPT', 'id': '759368568144289792'}, {'start': 103, 'end': 118, 'username': 'Greenpower_USA', 'id': '2542644907'}, {'start': 119, 'end': 130, 'username': 'RenishawGP', 'id': '730737240226287616'}, {'start': 131, 'end': 147, 'username': 'VTIZ_RacingTeam', 'id': '930552037456121857'}, {'start': 148, 'end': 157, 'username': 'SgaRusko', 'id': '3930221050'}, {'start': 158, 'end': 174, 'username': 'Greenpowertrust', 'id': '1227984944816967680'}, {'start': 175, 'end': 189, 'username': 'DresselRacing', 'id': '818074288926453760'}, {'start': 190, 'end': 205, 'username': 'Stealth_Racing', 'id': '3175710088'}, {'start': 206, 'end': 220, 'username': 'CUGreenDragon', 'id': '922428749731323904'}], 'urls': [{'start': 221, 'end': 244, 'url': 'https://t.co/Sps64wtIvF', 'expanded_url': 'https://twitter.com/TeamBirdGP/status/1005447385512861696/photo/1', 'display_url': 'pic.twitter.com/Sps64wtIvF', 'media_key': '3_1005447373848502275'}]}"
39,2018-06-09T13:22:53.000Z,None,Great to be sideline to see the wallabies beat Ireland tonight courtesy of GPT. #goldblooded https://t.co/39WtWrxpx6,en,0,0,3,0,1005440096986730498,182706344,1005440096986730498,nan,nan,"{'hashtags': [{'start': 80, 'end': 92, 'tag': 'goldblooded'}], 'urls': [{'start': 93, 'end': 116, 'url': 'https://t.co/39WtWrxpx6', 'expanded_url': 'https://twitter.com/s_van_dorp/status/1005440096986730498/photo/1', 'display_url': 'pic.twitter.com/39WtWrxpx6', 'media_key': '3_1005440086001926144'}], 'annotations': [{'start': 47, 'end': 53, 'probability': 0.9709, 'type': 'Place', 'normalized_text': 'Ireland'}, {'start': 75, 'end': 77, 'probability': 0.4211, 'type': 'Organization', 'normalized_text': 'GPT'}]}"
40,2018-06-09T12:33:48.000Z,None,Windows cannot be installed to this disk the selected disk is of the gpt partition style 100% Fix: https://t.co/t08HaYgsKV via,en,0,0,0,0,1005427744874917888,1005320243311497216,1005427744874917888,nan,nan,"{'urls': [{'start': 99, 'end': 122, 'url': 'https://t.co/t08HaYgsKV', 'expanded_url': 'http://youtu.be/pxxfkW7ftYc?a', 'display_url': 'youtu.be/pxxfkW7ftYc?a'}], 'annotations': [{'start': 0, 'end': 6, 'probability': 0.9763, 'type': 'Other', 'normalized_text': 'Windows'}]}"
41,2018-06-09T12:27:10.000Z,None,I posted somethong on instagram earlier and wrote a text. I tried to show how i'm feeling with the help of crestive writing. Nobody read it or understood. All I gpt was pity. https://t.co/zuxRBnusPG,en,0,0,0,0,1005426072098344961,29805005,1005426072098344961,nan,nan,"{'urls': [{'start': 175, 'end': 198, 'url': 'https://t.co/zuxRBnusPG', 'expanded_url': 'https://twitter.com/Silvileo_x/status/1005426072098344961/photo/1', 'display_url': 'pic.twitter.com/zuxRBnusPG', 'media_key': '3_1005426059788128256'}], 'annotations': [{'start': 22, 'end': 30, 'probability': 0.9011, 'type': 'Other', 'normalized_text': 'instagram'}]}"
42,2018-06-09T12:04:00.000Z,None,The GSW gpt their third McDonald's coupon. üòÇüòÇüòÇüòÇüòÇüòÇüòÇüòÇ,en,0,0,0,0,1005420245161512960,849341811122466817,1005420245161512960,nan,nan,"{'annotations': [{'start': 4, 'end': 6, 'probability': 0.7666, 'type': 'Organization', 'normalized_text': 'GSW'}, {'start': 24, 'end': 33, 'probability': 0.8891, 'type': 'Organization', 'normalized_text': ""McDonald's""}]}"
43,2018-06-09T10:55:03.000Z,None,"""GPT ETHNIC"" Price :105.000 FOR ORDER invite pin bb 24e7463a &amp; wa 081222252114. https://t.co/Rnt9yfE0rC",en,0,0,0,0,1005402892713353216,1705333058,1005402892713353216,nan,nan,"{'urls': [{'start': 84, 'end': 107, 'url': 'https://t.co/Rnt9yfE0rC', 'expanded_url': 'https://twitter.com/vamoshASIA/status/569029626917302272/photo/1', 'display_url': 'pic.twitter.com/Rnt9yfE0rC', 'media_key': '3_569029620540780544'}], 'annotations': [{'start': 1, 'end': 3, 'probability': 0.4996, 'type': 'Other', 'normalized_text': 'GPT'}, {'start': 5, 'end': 10, 'probability': 0.5462, 'type': 'Other', 'normalized_text': 'ETHNIC'}]}"
44,2018-06-09T10:12:11.000Z,None,BSE_News: #GPTINFRA - Voting Results Of Postal Ballot (Including Remote E-Voting) Of GPT Infraprojects Limited. https://t.co/U2eu1QsqdX,en,0,0,0,0,1005392102107287553,575439946,1005392102107287553,nan,nan,"{'hashtags': [{'start': 10, 'end': 19, 'tag': 'GPTINFRA'}], 'urls': [{'start': 112, 'end': 135, 'url': 'https://t.co/U2eu1QsqdX', 'expanded_url': 'http://tinyurl.com/y9ss5yrh', 'display_url': 'tinyurl.com/y9ss5yrh'}], 'annotations': [{'start': 0, 'end': 7, 'probability': 0.5093, 'type': 'Organization', 'normalized_text': 'BSE_News'}, {'start': 11, 'end': 18, 'probability': 0.5417, 'type': 'Other', 'normalized_text': 'GPTINFRA'}, {'start': 85, 'end': 87, 'probability': 0.4398, 'type': 'Other', 'normalized_text': 'GPT'}]}"
45,2018-06-09T10:00:28.000Z,None,GPT INFRAPROJECTS LTD. - 533761 - Voting Results Of Postal Ballot (Including Remote E-Voting) Of GPT Infrap.. https://t.co/9S0RoNQBM5,en,0,0,0,0,1005389154639704064,3572484733,1005389154639704064,nan,nan,"{'urls': [{'start': 110, 'end': 133, 'url': 'https://t.co/9S0RoNQBM5', 'expanded_url': 'http://shareboss.in/ly/B3xhD1', 'display_url': 'shareboss.in/ly/B3xhD1'}]}"
46,2018-06-09T09:59:02.000Z,None,GPTINFRA - Voting Results Of Postal Ballot (Including Remote E-Voting) Of GPT Infraprojects Limited. https://t.co/p7szq67G3i,en,0,0,0,0,1005388795619897344,288194904,1005388795619897344,nan,nan,"{'urls': [{'start': 101, 'end': 124, 'url': 'https://t.co/p7szq67G3i', 'expanded_url': 'http://tinyurl.com/y9ss5yrh', 'display_url': 'tinyurl.com/y9ss5yrh'}], 'annotations': [{'start': 0, 'end': 7, 'probability': 0.4901, 'type': 'Other', 'normalized_text': 'GPTINFRA'}, {'start': 74, 'end': 76, 'probability': 0.4548, 'type': 'Other', 'normalized_text': 'GPT'}]}"
47,2018-06-09T09:42:23.000Z,None,"""(Z-&gt;)90¬∞ - (E-N2W)90¬∞t=1""„ÄÄ„ÄäNiv-Mizzet, the Firemind„Äã[GPT]",en,0,0,0,0,1005384606277763073,3263074554,1005384606277763073,nan,nan,"{'annotations': [{'start': 35, 'end': 40, 'probability': 0.2943, 'type': 'Other', 'normalized_text': 'Mizzet'}]}"
48,2018-06-09T09:09:55.000Z,None,windows cannot be installed on this drive gpt partition this second part https://t.co/M5OeXjUU50,en,0,0,0,0,1005376434892918784,182237794,1005376434892918784,nan,nan,"{'urls': [{'start': 73, 'end': 96, 'url': 'https://t.co/M5OeXjUU50', 'expanded_url': 'http://youtu.be/t1yyU7iGtfM?a', 'display_url': 'youtu.be/t1yyU7iGtfM?a', 'status': 200, 'unwound_url': 'https://www.youtube.com/watch?a&v=t1yyU7iGtfM&feature=youtu.be'}]}"
49,2018-06-09T09:08:03.000Z,None,I added a video to a @YouTube playlist https://t.co/M5OeXjUU50 windows cannot be installed on this drive gpt partition,en,0,0,0,0,1005375964367466496,182237794,1005375964367466496,nan,nan,"{'mentions': [{'start': 21, 'end': 29, 'username': 'YouTube', 'id': '10228272'}], 'urls': [{'start': 39, 'end': 62, 'url': 'https://t.co/M5OeXjUU50', 'expanded_url': 'http://youtu.be/t1yyU7iGtfM?a', 'display_url': 'youtu.be/t1yyU7iGtfM?a', 'status': 200, 'unwound_url': 'https://www.youtube.com/watch?a&v=t1yyU7iGtfM&feature=youtu.be'}]}"
50,2018-06-09T08:41:03.000Z,None,t recognize pro running it to gpt format the point across invoc t. For the typo,en,0,0,0,0,1005369169410510848,2863311291,1005369169410510848,nan,nan,nan
51,2018-06-09T08:30:01.000Z,None,"I think we can chalk this up to this machine having a buggy UEFI firmware.  BIOS+GRUB2+GPT will be as far as it gets, unfortunately.",en,0,0,0,0,1005366392172867584,916596266,1005366392172867584,nan,"{'coordinates': {'type': 'Point', 'coordinates': [-122.37389, 47.64883]}, 'place_id': 'f42a863798156617'}","{'annotations': [{'start': 60, 'end': 63, 'probability': 0.6795, 'type': 'Other', 'normalized_text': 'UEFI'}, {'start': 76, 'end': 79, 'probability': 0.7114, 'type': 'Other', 'normalized_text': 'BIOS'}, {'start': 81, 'end': 85, 'probability': 0.6674, 'type': 'Other', 'normalized_text': 'GRUB2'}, {'start': 87, 'end': 89, 'probability': 0.6092, 'type': 'Other', 'normalized_text': 'GPT'}]}"
52,2018-06-09T07:59:43.000Z,None,Dying in the corner.. happy birthday kilubiiii you gpt me to workout after 6 months https://t.co/UuPCQf0Z8q,en,0,0,0,0,1005358766634782720,137500903,1005358766634782720,nan,nan,"{'urls': [{'start': 84, 'end': 107, 'url': 'https://t.co/UuPCQf0Z8q', 'expanded_url': 'https://twitter.com/mozcreature/status/1005358766634782720/video/1', 'display_url': 'pic.twitter.com/UuPCQf0Z8q', 'media_key': '7_1005358642848321537'}], 'annotations': [{'start': 37, 'end': 45, 'probability': 0.7165, 'type': 'Other', 'normalized_text': 'kilubiiii'}]}"
53,2018-06-09T07:41:54.000Z,None,@Chetna1806 @jgdreshma @akmittals @gupta_anju9 @kritimakhija @NWarind @sroy066 @tuija_tuijam @sunilddesai @drlangraad @DrUmeshPrabhu @mnksh_gpt @hrsanjaynegi @KSThakral @PranSang @Sanjuhimachali @tejamultimedia1 @SaifuRizvi @NigamKriti @VikramKamboj @Mandy_Sanghera1 @rsehji @thepeepertimes @RiseUp4SDGs Yes one should need to depend on support system to feel happiness...build happiness from inner self to reflect it to surroundings,en,1,0,7,0,1005354283263553536,267152885,1005262160228839424,2933113231,nan,"{'mentions': [{'start': 0, 'end': 11, 'username': 'Chetna1806', 'id': '2933113231'}, {'start': 12, 'end': 22, 'username': 'jgdreshma', 'id': '318845012'}, {'start': 23, 'end': 33, 'username': 'akmittals', 'id': '53326533'}, {'start': 34, 'end': 46, 'username': 'gupta_anju9', 'id': '769452977925066753'}, {'start': 47, 'end': 60, 'username': 'kritimakhija', 'id': '1624626306'}, {'start': 61, 'end': 69, 'username': 'NWarind', 'id': '751945350'}, {'start': 70, 'end': 78, 'username': 'sroy066', 'id': '253930917'}, {'start': 79, 'end': 92, 'username': 'tuija_tuijam', 'id': '1490688626'}, {'start': 93, 'end': 105, 'username': 'sunilddesai', 'id': '131233772'}, {'start': 106, 'end': 117, 'username': 'drlangraad', 'id': '123111125'}, {'start': 118, 'end': 132, 'username': 'DrUmeshPrabhu', 'id': '489371892'}, {'start': 144, 'end': 157, 'username': 'hrsanjaynegi', 'id': '577415947'}, {'start': 158, 'end': 168, 'username': 'KSThakral', 'id': '436169764'}, {'start': 169, 'end': 178, 'username': 'PranSang', 'id': '148857723'}, {'start': 179, 'end': 194, 'username': 'Sanjuhimachali', 'id': '59663165'}, {'start': 195, 'end': 211, 'username': 'tejamultimedia1', 'id': '2644647938'}, {'start': 212, 'end': 223, 'username': 'SaifuRizvi', 'id': '123860092'}, {'start': 224, 'end': 235, 'username': 'NigamKriti', 'id': '600667684'}, {'start': 236, 'end': 249, 'username': 'VikramKamboj', 'id': '68669715'}, {'start': 250, 'end': 266, 'username': 'Mandy_Sanghera1', 'id': '242009106'}, {'start': 267, 'end': 274, 'username': 'rsehji', 'id': '1965847669'}, {'start': 275, 'end': 290, 'username': 'thepeepertimes', 'id': '708187752982913024'}, {'start': 291, 'end': 303, 'username': 'RiseUp4SDGs', 'id': '943698093068886016'}]}"
54,2018-06-09T07:18:06.000Z,None,i gpt stream snipped lmaooo thats a first for me!!!! https://t.co/Y9QNpQmixv,en,0,0,0,0,1005348293499654144,2909773661,1005348293499654144,nan,nan,"{'urls': [{'start': 53, 'end': 76, 'url': 'https://t.co/Y9QNpQmixv', 'expanded_url': 'https://clips.twitch.tv/OpenEnticingPlumCoolCat?tt_medium=twtr', 'display_url': 'clips.twitch.tv/OpenEnticingPl‚Ä¶'}]}"
55,2018-06-09T05:37:38.000Z,None,windows cannot be installed on this drive gpt partition this first part https://t.co/y4dMGdfJVG,en,0,0,0,0,1005323011044642816,182237794,1005323011044642816,nan,nan,"{'urls': [{'start': 72, 'end': 95, 'url': 'https://t.co/y4dMGdfJVG', 'expanded_url': 'http://youtu.be/GqFuA3RKlJw?a', 'display_url': 'youtu.be/GqFuA3RKlJw?a', 'status': 200, 'unwound_url': 'https://www.youtube.com/watch?a&v=GqFuA3RKlJw&feature=youtu.be'}]}"
56,2018-06-09T05:37:36.000Z,None,I added a video to a @YouTube playlist https://t.co/y4dMGdfJVG windows cannot be installed on this drive gpt partition,en,0,0,0,0,1005323001141841922,182237794,1005323001141841922,nan,nan,"{'mentions': [{'start': 21, 'end': 29, 'username': 'YouTube', 'id': '10228272'}], 'urls': [{'start': 39, 'end': 62, 'url': 'https://t.co/y4dMGdfJVG', 'expanded_url': 'http://youtu.be/GqFuA3RKlJw?a', 'display_url': 'youtu.be/GqFuA3RKlJw?a', 'status': 200, 'unwound_url': 'https://www.youtube.com/watch?a&v=GqFuA3RKlJw&feature=youtu.be'}]}"
57,2018-06-09T04:44:57.000Z,None,NY State Legislators Unanimously Pass A Cyberbullying Bill That Can't Be Bothered To Define Cyberbullying https://t.co/IXyqx1ltHZ,en,0,0,0,0,1005309752585412608,695603,1005309752585412608,nan,nan,"{'urls': [{'start': 106, 'end': 129, 'url': 'https://t.co/IXyqx1ltHZ', 'expanded_url': 'https://tdrt.io/gPT', 'display_url': 'tdrt.io/gPT'}], 'annotations': [{'start': 0, 'end': 7, 'probability': 0.7728, 'type': 'Organization', 'normalized_text': 'NY State'}]}"
58,2018-06-09T03:21:32.000Z,None,@bruceclarklois @veritykims I'm sorry!!!! I gpt caught up on some things!!!! üôä,en,0,0,0,0,1005288758667894784,771785622617001984,1005234577588342793,756655462771204096,nan,"{'mentions': [{'start': 0, 'end': 15, 'username': 'bruceclarklois', 'id': '756655462771204096'}]}"
59,2018-06-09T03:09:31.000Z,None,@PranSang @jgdreshma @akmittals @gupta_anju9 @kritimakhija @NWarind @PG_pmp @sroy066 @tuija_tuijam @sunilddesai @drlangraad @DrUmeshPrabhu @mnksh_gpt @hrsanjaynegi @KSThakral @Sanjuhimachali @tejamultimedia1 @SaifuRizvi @NigamKriti @VikramKamboj @Mandy_Sanghera1 @rsehji @thepeepertimes @RiseUp4SDGs @danicamckellar @thewonderyears Oh yes. You never grow old with your school friends,en,0,0,6,0,1005285737267228674,2933113231,1005262160228839424,148857723,nan,"{'mentions': [{'start': 0, 'end': 9, 'username': 'PranSang', 'id': '148857723'}, {'start': 10, 'end': 20, 'username': 'jgdreshma', 'id': '318845012'}, {'start': 21, 'end': 31, 'username': 'akmittals', 'id': '53326533'}, {'start': 32, 'end': 44, 'username': 'gupta_anju9', 'id': '769452977925066753'}, {'start': 45, 'end': 58, 'username': 'kritimakhija', 'id': '1624626306'}, {'start': 59, 'end': 67, 'username': 'NWarind', 'id': '751945350'}, {'start': 68, 'end': 75, 'username': 'PG_pmp', 'id': '267152885'}, {'start': 76, 'end': 84, 'username': 'sroy066', 'id': '253930917'}, {'start': 85, 'end': 98, 'username': 'tuija_tuijam', 'id': '1490688626'}, {'start': 99, 'end': 111, 'username': 'sunilddesai', 'id': '131233772'}, {'start': 112, 'end': 123, 'username': 'drlangraad', 'id': '123111125'}, {'start': 124, 'end': 138, 'username': 'DrUmeshPrabhu', 'id': '489371892'}, {'start': 150, 'end': 163, 'username': 'hrsanjaynegi', 'id': '577415947'}, {'start': 164, 'end': 174, 'username': 'KSThakral', 'id': '436169764'}, {'start': 175, 'end': 190, 'username': 'Sanjuhimachali', 'id': '59663165'}, {'start': 191, 'end': 207, 'username': 'tejamultimedia1', 'id': '2644647938'}, {'start': 208, 'end': 219, 'username': 'SaifuRizvi', 'id': '123860092'}, {'start': 220, 'end': 231, 'username': 'NigamKriti', 'id': '600667684'}, {'start': 232, 'end': 245, 'username': 'VikramKamboj', 'id': '68669715'}, {'start': 246, 'end': 262, 'username': 'Mandy_Sanghera1', 'id': '242009106'}, {'start': 263, 'end': 270, 'username': 'rsehji', 'id': '1965847669'}, {'start': 271, 'end': 286, 'username': 'thepeepertimes', 'id': '708187752982913024'}, {'start': 287, 'end': 299, 'username': 'RiseUp4SDGs', 'id': '943698093068886016'}, {'start': 300, 'end': 315, 'username': 'danicamckellar', 'id': '135789579'}, {'start': 316, 'end': 331, 'username': 'thewonderyears', 'id': '92204251'}]}"
60,2018-06-09T02:28:51.000Z,None,@Chetna1806 @jgdreshma @akmittals @gupta_anju9 @kritimakhija @NWarind @PG_pmp @sroy066 @tuija_tuijam @drlangraad @DrUmeshPrabhu @mnksh_gpt @hrsanjaynegi @KSThakral @PranSang @Sanjuhimachali @tejamultimedia1 @SaifuRizvi @NigamKriti @VikramKamboj @Mandy_Sanghera1 @rsehji @thepeepertimes @RiseUp4SDGs Perfect,en,0,0,3,0,1005275502297300992,131233772,1005262160228839424,2933113231,nan,"{'mentions': [{'start': 0, 'end': 11, 'username': 'Chetna1806', 'id': '2933113231'}, {'start': 12, 'end': 22, 'username': 'jgdreshma', 'id': '318845012'}, {'start': 23, 'end': 33, 'username': 'akmittals', 'id': '53326533'}, {'start': 34, 'end': 46, 'username': 'gupta_anju9', 'id': '769452977925066753'}, {'start': 47, 'end': 60, 'username': 'kritimakhija', 'id': '1624626306'}, {'start': 61, 'end': 69, 'username': 'NWarind', 'id': '751945350'}, {'start': 70, 'end': 77, 'username': 'PG_pmp', 'id': '267152885'}, {'start': 78, 'end': 86, 'username': 'sroy066', 'id': '253930917'}, {'start': 87, 'end': 100, 'username': 'tuija_tuijam', 'id': '1490688626'}, {'start': 101, 'end': 112, 'username': 'drlangraad', 'id': '123111125'}, {'start': 113, 'end': 127, 'username': 'DrUmeshPrabhu', 'id': '489371892'}, {'start': 139, 'end': 152, 'username': 'hrsanjaynegi', 'id': '577415947'}, {'start': 153, 'end': 163, 'username': 'KSThakral', 'id': '436169764'}, {'start': 164, 'end': 173, 'username': 'PranSang', 'id': '148857723'}, {'start': 174, 'end': 189, 'username': 'Sanjuhimachali', 'id': '59663165'}, {'start': 190, 'end': 206, 'username': 'tejamultimedia1', 'id': '2644647938'}, {'start': 207, 'end': 218, 'username': 'SaifuRizvi', 'id': '123860092'}, {'start': 219, 'end': 230, 'username': 'NigamKriti', 'id': '600667684'}, {'start': 231, 'end': 244, 'username': 'VikramKamboj', 'id': '68669715'}, {'start': 245, 'end': 261, 'username': 'Mandy_Sanghera1', 'id': '242009106'}, {'start': 262, 'end': 269, 'username': 'rsehji', 'id': '1965847669'}, {'start': 270, 'end': 285, 'username': 'thepeepertimes', 'id': '708187752982913024'}, {'start': 286, 'end': 298, 'username': 'RiseUp4SDGs', 'id': '943698093068886016'}]}"
61,2018-06-09T02:20:51.000Z,None,"WINDY Black GPT Sporting Boxe Martial Arts Muay Tai Thai Boxing Kick MMA Groin Protector

https://t.co/sZohXPExXh https://t.co/PdQbcCcr5b",en,0,0,0,0,1005273490465812480,996802218199171072,1005273490465812480,nan,nan,"{'urls': [{'start': 90, 'end': 113, 'url': 'https://t.co/sZohXPExXh', 'expanded_url': 'https://nezzisport.com/products/windy-black-gpt-sporting-boxe-martial-arts-muay-thai-boxing-kick-mma-groin-protector?variant=2605865697317', 'display_url': 'nezzisport.com/products/windy‚Ä¶'}, {'start': 114, 'end': 137, 'url': 'https://t.co/PdQbcCcr5b', 'expanded_url': 'https://twitter.com/Banhan62354361/status/1005273490465812480/photo/1', 'display_url': 'pic.twitter.com/PdQbcCcr5b', 'media_key': '3_1005273422652293122'}], 'annotations': [{'start': 30, 'end': 41, 'probability': 0.5074, 'type': 'Other', 'normalized_text': 'Martial Arts'}, {'start': 43, 'end': 62, 'probability': 0.6261, 'type': 'Other', 'normalized_text': 'Muay Tai Thai Boxing'}, {'start': 69, 'end': 71, 'probability': 0.6074, 'type': 'Other', 'normalized_text': 'MMA'}]}"
62,2018-06-09T02:13:50.000Z,None,"@Chetna1806 @jgdreshma @akmittals @gupta_anju9 @NWarind @PG_pmp @sroy066 @tuija_tuijam @sunilddesai @drlangraad @DrUmeshPrabhu @mnksh_gpt @hrsanjaynegi @KSThakral @PranSang @Sanjuhimachali @tejamultimedia1 @SaifuRizvi @NigamKriti @VikramKamboj @Mandy_Sanghera1 @rsehji @thepeepertimes @RiseUp4SDGs Wonderful üëç
Learn to #Give without Reason too!",en,1,0,6,0,1005271725037113344,1624626306,1005262160228839424,2933113231,nan,"{'hashtags': [{'start': 319, 'end': 324, 'tag': 'Give'}], 'mentions': [{'start': 0, 'end': 11, 'username': 'Chetna1806', 'id': '2933113231'}, {'start': 12, 'end': 22, 'username': 'jgdreshma', 'id': '318845012'}, {'start': 23, 'end': 33, 'username': 'akmittals', 'id': '53326533'}, {'start': 34, 'end': 46, 'username': 'gupta_anju9', 'id': '769452977925066753'}, {'start': 47, 'end': 55, 'username': 'NWarind', 'id': '751945350'}, {'start': 56, 'end': 63, 'username': 'PG_pmp', 'id': '267152885'}, {'start': 64, 'end': 72, 'username': 'sroy066', 'id': '253930917'}, {'start': 73, 'end': 86, 'username': 'tuija_tuijam', 'id': '1490688626'}, {'start': 87, 'end': 99, 'username': 'sunilddesai', 'id': '131233772'}, {'start': 100, 'end': 111, 'username': 'drlangraad', 'id': '123111125'}, {'start': 112, 'end': 126, 'username': 'DrUmeshPrabhu', 'id': '489371892'}, {'start': 138, 'end': 151, 'username': 'hrsanjaynegi', 'id': '577415947'}, {'start': 152, 'end': 162, 'username': 'KSThakral', 'id': '436169764'}, {'start': 163, 'end': 172, 'username': 'PranSang', 'id': '148857723'}, {'start': 173, 'end': 188, 'username': 'Sanjuhimachali', 'id': '59663165'}, {'start': 189, 'end': 205, 'username': 'tejamultimedia1', 'id': '2644647938'}, {'start': 206, 'end': 217, 'username': 'SaifuRizvi', 'id': '123860092'}, {'start': 218, 'end': 229, 'username': 'NigamKriti', 'id': '600667684'}, {'start': 230, 'end': 243, 'username': 'VikramKamboj', 'id': '68669715'}, {'start': 244, 'end': 260, 'username': 'Mandy_Sanghera1', 'id': '242009106'}, {'start': 261, 'end': 268, 'username': 'rsehji', 'id': '1965847669'}, {'start': 269, 'end': 284, 'username': 'thepeepertimes', 'id': '708187752982913024'}, {'start': 285, 'end': 297, 'username': 'RiseUp4SDGs', 'id': '943698093068886016'}]}"
63,2018-06-09T02:10:21.000Z,None,@PranSang @Chetna1806 @jgdreshma @akmittals @gupta_anju9 @kritimakhija @NWarind @PG_pmp @sroy066 @tuija_tuijam @sunilddesai @drlangraad @DrUmeshPrabhu @mnksh_gpt @hrsanjaynegi @KSThakral @Sanjuhimachali @tejamultimedia1 @SaifuRizvi @NigamKriti @VikramKamboj @Mandy_Sanghera1 @thepeepertimes @RiseUp4SDGs @danicamckellar @thewonderyears Nice,en,0,0,1,0,1005270847131488256,1965847669,1005262160228839424,148857723,nan,"{'mentions': [{'start': 0, 'end': 9, 'username': 'PranSang', 'id': '148857723'}, {'start': 10, 'end': 21, 'username': 'Chetna1806', 'id': '2933113231'}, {'start': 22, 'end': 32, 'username': 'jgdreshma', 'id': '318845012'}, {'start': 33, 'end': 43, 'username': 'akmittals', 'id': '53326533'}, {'start': 44, 'end': 56, 'username': 'gupta_anju9', 'id': '769452977925066753'}, {'start': 57, 'end': 70, 'username': 'kritimakhija', 'id': '1624626306'}, {'start': 71, 'end': 79, 'username': 'NWarind', 'id': '751945350'}, {'start': 80, 'end': 87, 'username': 'PG_pmp', 'id': '267152885'}, {'start': 88, 'end': 96, 'username': 'sroy066', 'id': '253930917'}, {'start': 97, 'end': 110, 'username': 'tuija_tuijam', 'id': '1490688626'}, {'start': 111, 'end': 123, 'username': 'sunilddesai', 'id': '131233772'}, {'start': 124, 'end': 135, 'username': 'drlangraad', 'id': '123111125'}, {'start': 136, 'end': 150, 'username': 'DrUmeshPrabhu', 'id': '489371892'}, {'start': 162, 'end': 175, 'username': 'hrsanjaynegi', 'id': '577415947'}, {'start': 176, 'end': 186, 'username': 'KSThakral', 'id': '436169764'}, {'start': 187, 'end': 202, 'username': 'Sanjuhimachali', 'id': '59663165'}, {'start': 203, 'end': 219, 'username': 'tejamultimedia1', 'id': '2644647938'}, {'start': 220, 'end': 231, 'username': 'SaifuRizvi', 'id': '123860092'}, {'start': 232, 'end': 243, 'username': 'NigamKriti', 'id': '600667684'}, {'start': 244, 'end': 257, 'username': 'VikramKamboj', 'id': '68669715'}, {'start': 258, 'end': 274, 'username': 'Mandy_Sanghera1', 'id': '242009106'}, {'start': 275, 'end': 290, 'username': 'thepeepertimes', 'id': '708187752982913024'}, {'start': 291, 'end': 303, 'username': 'RiseUp4SDGs', 'id': '943698093068886016'}, {'start': 304, 'end': 319, 'username': 'danicamckellar', 'id': '135789579'}, {'start': 320, 'end': 335, 'username': 'thewonderyears', 'id': '92204251'}]}"
64,2018-06-09T02:09:21.000Z,None,@Chetna1806 @jgdreshma @akmittals @gupta_anju9 @kritimakhija @NWarind @PG_pmp @sroy066 @tuija_tuijam @sunilddesai @drlangraad @DrUmeshPrabhu @mnksh_gpt @hrsanjaynegi @KSThakral @Sanjuhimachali @tejamultimedia1 @SaifuRizvi @NigamKriti @VikramKamboj @Mandy_Sanghera1 @rsehji @thepeepertimes @RiseUp4SDGs Did all that just last night! Err maybe guilty of a few selfies though. Caught up with school mates. No wonder the school years are oft called The Wonder Years! @danicamckellar @thewonderyears https://t.co/gEm9ZScNP1,en,1,2,9,0,1005270593221152774,148857723,1005262160228839424,2933113231,nan,"{'mentions': [{'start': 0, 'end': 11, 'username': 'Chetna1806', 'id': '2933113231'}, {'start': 12, 'end': 22, 'username': 'jgdreshma', 'id': '318845012'}, {'start': 23, 'end': 33, 'username': 'akmittals', 'id': '53326533'}, {'start': 34, 'end': 46, 'username': 'gupta_anju9', 'id': '769452977925066753'}, {'start': 47, 'end': 60, 'username': 'kritimakhija', 'id': '1624626306'}, {'start': 61, 'end': 69, 'username': 'NWarind', 'id': '751945350'}, {'start': 70, 'end': 77, 'username': 'PG_pmp', 'id': '267152885'}, {'start': 78, 'end': 86, 'username': 'sroy066', 'id': '253930917'}, {'start': 87, 'end': 100, 'username': 'tuija_tuijam', 'id': '1490688626'}, {'start': 101, 'end': 113, 'username': 'sunilddesai', 'id': '131233772'}, {'start': 114, 'end': 125, 'username': 'drlangraad', 'id': '123111125'}, {'start': 126, 'end': 140, 'username': 'DrUmeshPrabhu', 'id': '489371892'}, {'start': 152, 'end': 165, 'username': 'hrsanjaynegi', 'id': '577415947'}, {'start': 166, 'end': 176, 'username': 'KSThakral', 'id': '436169764'}, {'start': 177, 'end': 192, 'username': 'Sanjuhimachali', 'id': '59663165'}, {'start': 193, 'end': 209, 'username': 'tejamultimedia1', 'id': '2644647938'}, {'start': 210, 'end': 221, 'username': 'SaifuRizvi', 'id': '123860092'}, {'start': 222, 'end': 233, 'username': 'NigamKriti', 'id': '600667684'}, {'start': 234, 'end': 247, 'username': 'VikramKamboj', 'id': '68669715'}, {'start': 248, 'end': 264, 'username': 'Mandy_Sanghera1', 'id': '242009106'}, {'start': 265, 'end': 272, 'username': 'rsehji', 'id': '1965847669'}, {'start': 273, 'end': 288, 'username': 'thepeepertimes', 'id': '708187752982913024'}, {'start': 289, 'end': 301, 'username': 'RiseUp4SDGs', 'id': '943698093068886016'}, {'start': 463, 'end': 478, 'username': 'danicamckellar', 'id': '135789579'}, {'start': 479, 'end': 494, 'username': 'thewonderyears', 'id': '92204251'}], 'urls': [{'start': 495, 'end': 518, 'url': 'https://t.co/gEm9ZScNP1', 'expanded_url': 'https://twitter.com/PranSang/status/1005270593221152774/photo/1', 'display_url': 'pic.twitter.com/gEm9ZScNP1', 'media_key': '3_1005270580495634433'}], 'annotations': [{'start': 445, 'end': 460, 'probability': 0.9538, 'type': 'Other', 'normalized_text': 'The Wonder Years'}]}"
65,2018-06-09T00:49:43.000Z,None,"A friend &amp; colleague of mine was bitten by this earlier today.

It seems as if someone (not him) wrote a GPT partition table to a disk that was used raw / unpartitioned as an LVM PV.

Now the LVM tools don‚Äôt recognize the PV.",en,0,1,1,0,1005250554262671363,179397824,1005250109335113728,179397824,nan,"{'annotations': [{'start': 109, 'end': 111, 'probability': 0.5267, 'type': 'Other', 'normalized_text': 'GPT'}, {'start': 179, 'end': 181, 'probability': 0.5561, 'type': 'Other', 'normalized_text': 'LVM'}, {'start': 196, 'end': 198, 'probability': 0.6424, 'type': 'Other', 'normalized_text': 'LVM'}]}"
66,2018-06-08T22:58:38.000Z,None,@nbc4i @MissChellexx Looked like the idiot was goading it....deserved all he gpt,en,0,0,0,0,1005222600241483776,383473565,1004708661690798080,14296157,nan,"{'mentions': [{'start': 0, 'end': 6, 'username': 'nbc4i', 'id': '14296157'}, {'start': 7, 'end': 20, 'username': 'misschellexx', 'id': '1265204137760702466'}]}"
67,2018-06-08T22:55:16.000Z,None,"@EmilyJS7 @SDBnutrition @nadia_guerrera It IS the view of the Green Party of Toronto, will always be. The GPT is a seperate organisation to other Green Parties; as they all are, seperate, distinct but all built on the foundation of the Global Green Charter. So, speak about things you are familiar with. Thanks.",en,0,1,0,0,1005221753923231746,2546655721,1004438547213021186,3321356001,nan,"{'mentions': [{'start': 0, 'end': 9, 'username': 'EmilyJS7', 'id': '3321356001'}, {'start': 24, 'end': 39, 'username': 'nadia_guerrera', 'id': '1362613405'}], 'annotations': [{'start': 77, 'end': 83, 'probability': 0.8582, 'type': 'Place', 'normalized_text': 'Toronto'}, {'start': 106, 'end': 108, 'probability': 0.5223, 'type': 'Organization', 'normalized_text': 'GPT'}, {'start': 243, 'end': 255, 'probability': 0.5158, 'type': 'Organization', 'normalized_text': 'Green Charter'}]}"
68,2018-06-08T22:22:11.000Z,None,@attackonhowelll @CrankGameplays @Girbeagly I would cry if i gpt a picture with any youtuber i knew,en,0,1,1,0,1005213426833133569,993332517288759297,1005183915106107392,233247082,nan,"{'mentions': [{'start': 0, 'end': 16, 'username': 'attackonhowelll', 'id': '233247082'}, {'start': 17, 'end': 32, 'username': 'CrankGameplays', 'id': '891391903'}, {'start': 33, 'end': 43, 'username': 'Girbeagly', 'id': '169772829'}]}"
69,2018-06-08T22:11:04.000Z,None,"""Crush them!""‚ÄïBorborygmos„ÄÄ„ÄäWreak Havoc„Äã[GPT]",en,0,0,0,0,1005210628875792385,3263074554,1005210628875792385,nan,nan,"{'annotations': [{'start': 27, 'end': 37, 'probability': 0.5259, 'type': 'Person', 'normalized_text': 'Wreak Havoc'}]}"
70,2018-06-08T20:41:13.000Z,None,It‚Äôs completely out of desperation pLEAAE FUCK OFF YOURE COUPLES UP WITH HIM SO YOU SHOULDVE GPT TO KNOW HIM,en,0,0,0,0,1005188018133749762,159984502,1003730331441205248,159984502,{'place_id': '07b1de146d3c94be'},nan
71,2018-06-08T20:24:01.000Z,None,@jamesfendi_ i GPT U,en,0,0,0,0,1005183687107981312,2421432782,1005182167482236929,840710492989587457,nan,nan
72,2018-06-08T20:15:39.000Z,None,I need a new plug in gpt y‚Äôall be bs‚Äôn,en,0,0,0,0,1005181583677100032,2782764512,1005181583677100032,nan,nan,nan
73,2018-06-08T19:37:21.000Z,None,"Generations Physical Therapy works with all different levels of PT. 

From youth sports to geriatrics, GPT offers a wide range of PT that will work best for you!üòÄ

Try the new Charleston, WV location and get started with your PT today. üëèüèª https://t.co/vyC7Efqbcp",en,1,0,2,0,1005171943060975616,606385809,1005171943060975616,nan,nan,"{'urls': [{'start': 239, 'end': 262, 'url': 'https://t.co/vyC7Efqbcp', 'expanded_url': 'https://twitter.com/GenerationsPT/status/1005171943060975616/photo/1', 'display_url': 'pic.twitter.com/vyC7Efqbcp', 'media_key': '3_1005171934655463424'}], 'annotations': [{'start': 21, 'end': 27, 'probability': 0.4641, 'type': 'Other', 'normalized_text': 'Therapy'}, {'start': 103, 'end': 105, 'probability': 0.4602, 'type': 'Other', 'normalized_text': 'GPT'}, {'start': 176, 'end': 185, 'probability': 0.7209, 'type': 'Place', 'normalized_text': 'Charleston'}, {'start': 188, 'end': 189, 'probability': 0.3875, 'type': 'Other', 'normalized_text': 'WV'}]}"
74,2018-06-08T19:36:54.000Z,None,"BootCurrent: 0014
Boot0014* Fedora NVDIMM test    HD(1,GPT,8dc8939e-b155-45a9-9dfb-02fb3d664600,0x100,0xc800)/File(\EFI\fedora\shimx64.efi)

... so yeah, I can boot from NVDIMMs now.",en,2,2,4,0,1005171832721477632,14446089,1005171832721477632,nan,nan,"{'annotations': [{'start': 28, 'end': 33, 'probability': 0.8638, 'type': 'Other', 'normalized_text': 'Fedora'}, {'start': 35, 'end': 40, 'probability': 0.4251, 'type': 'Other', 'normalized_text': 'NVDIMM'}, {'start': 120, 'end': 125, 'probability': 0.7517, 'type': 'Other', 'normalized_text': 'fedora'}, {'start': 127, 'end': 133, 'probability': 0.5198, 'type': 'Other', 'normalized_text': 'shimx64'}, {'start': 170, 'end': 176, 'probability': 0.5997, 'type': 'Other', 'normalized_text': 'NVDIMMs'}]}"
75,2018-06-08T19:32:13.000Z,None,Love the GPT watch videos üí∞üíªüí∞,en,0,0,0,0,1005170653388070919,3369867863,1005170653388070919,nan,nan,"{'annotations': [{'start': 9, 'end': 11, 'probability': 0.5421, 'type': 'Other', 'normalized_text': 'GPT'}]}"
76,2018-06-08T19:24:53.000Z,None,"""GPT ETHNIC"" Price :105.000 FOR ORDER invite pin bb 24e7463a &amp; wa 081222252114. https://t.co/Rnt9yfE0rC",en,0,0,0,0,1005168806916788224,1705333058,1005168806916788224,nan,nan,"{'urls': [{'start': 84, 'end': 107, 'url': 'https://t.co/Rnt9yfE0rC', 'expanded_url': 'https://twitter.com/vamoshASIA/status/569029626917302272/photo/1', 'display_url': 'pic.twitter.com/Rnt9yfE0rC', 'media_key': '3_569029620540780544'}], 'annotations': [{'start': 1, 'end': 3, 'probability': 0.4996, 'type': 'Other', 'normalized_text': 'GPT'}, {'start': 5, 'end': 10, 'probability': 0.5462, 'type': 'Other', 'normalized_text': 'ETHNIC'}]}"
77,2018-06-08T17:30:39.000Z,None,"Call 228-596-5220 for the best flat feesüéπ to NOLA, Mobile, anywhere out of town! Flat fees to and from GPT, must prebook at least a day before. Also do not take Uber/Lyft from the airport or you will get dumped... https://t.co/TMMbnDfIeg",en,0,0,0,0,1005140061812346880,395437004,1005140061812346880,nan,nan,"{'urls': [{'start': 214, 'end': 237, 'url': 'https://t.co/TMMbnDfIeg', 'expanded_url': 'https://www.facebook.com/100000431803019/posts/1928936717130703/', 'display_url': 'facebook.com/10000043180301‚Ä¶'}], 'annotations': [{'start': 45, 'end': 48, 'probability': 0.7298, 'type': 'Place', 'normalized_text': 'NOLA'}, {'start': 103, 'end': 105, 'probability': 0.4185, 'type': 'Organization', 'normalized_text': 'GPT'}, {'start': 161, 'end': 164, 'probability': 0.6608, 'type': 'Organization', 'normalized_text': 'Uber'}]}"
78,2018-06-08T17:10:28.000Z,None,"A look at the main access tunnel at Mina Callanquitas, where we have extracted over 12,000 tonnes of mineralized rock with an average grade of 8.30 gpt Au, as of March, 2018. $PPX #mining #gold #silver https://t.co/CufLpC6Bst",en,0,0,0,0,1005134981402898433,791288054875037697,1005134981402898433,nan,nan,"{'hashtags': [{'start': 180, 'end': 187, 'tag': 'mining'}, {'start': 188, 'end': 193, 'tag': 'gold'}, {'start': 194, 'end': 201, 'tag': 'silver'}], 'urls': [{'start': 202, 'end': 225, 'url': 'https://t.co/CufLpC6Bst', 'expanded_url': 'https://twitter.com/PPXMiningCorp/status/1005134981402898433/photo/1', 'display_url': 'pic.twitter.com/CufLpC6Bst', 'media_key': '3_1005134978383056897'}], 'annotations': [{'start': 36, 'end': 52, 'probability': 0.4356, 'type': 'Person', 'normalized_text': 'Mina Callanquitas'}, {'start': 176, 'end': 178, 'probability': 0.5627, 'type': 'Other', 'normalized_text': 'PPX'}], 'cashtags': [{'start': 175, 'end': 179, 'tag': 'PPX'}]}"
79,2018-06-08T16:59:18.000Z,None,@Veohhz @DontHaveADoor @Nadeshot @Censor @K1Ila @MiRx @ProoFJC @OpTicMBoZe @Attach @Neslo @TylerTeeP @NAMELESS what? im happy hes tbh he gpt carried lul,en,0,0,0,0,1005132171970007041,302012085,1005101240295067648,3330587776,nan,"{'mentions': [{'start': 0, 'end': 7, 'username': 'Veohhz', 'id': '3330587776'}, {'start': 8, 'end': 22, 'username': 'DontHaveADoor', 'id': '812534158924935168'}, {'start': 23, 'end': 32, 'username': 'Nadeshot', 'id': '161418822'}, {'start': 33, 'end': 40, 'username': 'Censor', 'id': '258022594'}, {'start': 41, 'end': 47, 'username': 'k1ila', 'id': '1014441249435275264'}, {'start': 48, 'end': 53, 'username': 'MiRx', 'id': '455485611'}, {'start': 54, 'end': 62, 'username': 'ProoFJC', 'id': '58368604'}, {'start': 75, 'end': 82, 'username': 'Attach', 'id': '865228975'}, {'start': 83, 'end': 89, 'username': 'Neslo', 'id': '221501608'}, {'start': 90, 'end': 100, 'username': 'TylerTeeP', 'id': '222221274'}, {'start': 101, 'end': 110, 'username': 'NAMELESS', 'id': '61819832'}], 'annotations': [{'start': 149, 'end': 151, 'probability': 0.6939, 'type': 'Other', 'normalized_text': 'lul'}]}"
80,2018-06-08T16:57:26.000Z,None,@khloedash10 hi khloe happy birthday babes a hope a have gpt the rite date babe hope u having a mint special day babes. I have just been taking my dog called honey a springer spaniel for her walk xxxxxx‚ô•‚ô•‚ô•‚ô•‚ô•,en,0,0,1,0,1005131699158732800,893436065868115969,1005131699158732800,959768139675394048,nan,"{'mentions': [{'start': 0, 'end': 12, 'username': 'khloedash10', 'id': '959768139675394048'}], 'annotations': [{'start': 16, 'end': 20, 'probability': 0.734, 'type': 'Other', 'normalized_text': 'khloe'}, {'start': 175, 'end': 181, 'probability': 0.4557, 'type': 'Other', 'normalized_text': 'spaniel'}]}"
81,2018-06-08T15:38:40.000Z,None,Stupid paint tape gpt me skressed. have to listen to some young scooter or peewee longway so i can calm tf down lol,en,0,0,0,0,1005111876848619520,33963002,1005111876848619520,nan,nan,nan
82,2018-06-08T15:13:22.000Z,None,Gpt my first black ice skin from the alpha pack. https://t.co/xSENRxQ1Na,en,0,0,1,0,1005105510079533056,520210962,1005105510079533056,nan,nan,"{'urls': [{'start': 49, 'end': 72, 'url': 'https://t.co/xSENRxQ1Na', 'expanded_url': 'https://twitter.com/chun__seng/status/1005105510079533056/photo/1', 'display_url': 'pic.twitter.com/xSENRxQ1Na', 'media_key': '3_1005105507164516352'}]}"
83,2018-06-08T14:49:54.000Z,None,"Can I convert disk from MBR to GPT without using the ""clean"" diskpart command? ‚Ä¢ r/windows https://t.co/yxKZlo8fK1",en,0,0,0,0,1005099604894015488,1454601,1005099604894015488,nan,nan,"{'urls': [{'start': 91, 'end': 114, 'url': 'https://t.co/yxKZlo8fK1', 'expanded_url': 'https://goo.gl/tCrqzC', 'display_url': 'goo.gl/tCrqzC'}], 'annotations': [{'start': 24, 'end': 26, 'probability': 0.6577, 'type': 'Other', 'normalized_text': 'MBR'}, {'start': 31, 'end': 33, 'probability': 0.6508, 'type': 'Other', 'normalized_text': 'GPT'}]}"
84,2018-06-08T14:49:03.000Z,None,"Can I convert disk from MBR to GPT without using the ""clean"" diskpart command? https://t.co/eXelvAZ1wH",en,0,0,0,0,1005099393379258368,1454601,1005099393379258368,nan,nan,"{'urls': [{'start': 79, 'end': 102, 'url': 'https://t.co/eXelvAZ1wH', 'expanded_url': 'https://goo.gl/2jAV2q', 'display_url': 'goo.gl/2jAV2q'}], 'annotations': [{'start': 24, 'end': 26, 'probability': 0.6412, 'type': 'Other', 'normalized_text': 'MBR'}, {'start': 31, 'end': 33, 'probability': 0.6302, 'type': 'Other', 'normalized_text': 'GPT'}]}"
85,2018-06-08T13:57:47.000Z,None,Thank you @annmarielaflamme ! The show must go on! #acapella #tapdancing #42ndstreet #gpt42ndstreet #gpt42 #gpt Buy your tickets!! https://t.co/efiTppSThx @wxyzdetroit https://t.co/2RgUN4y6Zv,en,0,0,1,0,1005086488369885186,161749108,1005086488369885186,nan,nan,"{'hashtags': [{'start': 51, 'end': 60, 'tag': 'acapella'}, {'start': 61, 'end': 72, 'tag': 'tapdancing'}, {'start': 73, 'end': 84, 'tag': '42ndstreet'}, {'start': 85, 'end': 99, 'tag': 'gpt42ndstreet'}, {'start': 100, 'end': 106, 'tag': 'gpt42'}, {'start': 107, 'end': 111, 'tag': 'gpt'}], 'mentions': [{'start': 155, 'end': 167, 'username': 'wxyzdetroit', 'id': '19778050'}], 'urls': [{'start': 131, 'end': 154, 'url': 'https://t.co/efiTppSThx', 'expanded_url': 'https://tinyurl.com/ycptgosd', 'display_url': 'tinyurl.com/ycptgosd'}, {'start': 168, 'end': 191, 'url': 'https://t.co/2RgUN4y6Zv', 'expanded_url': 'https://www.facebook.com/GrossePointeTheatre/videos/1790040234375674/', 'display_url': 'facebook.com/GrossePointeTh‚Ä¶', 'status': 200, 'unwound_url': 'https://www.facebook.com/GrossePointeTheatre/videos/1790040234375674/'}], 'annotations': [{'start': 52, 'end': 59, 'probability': 0.3861, 'type': 'Other', 'normalized_text': 'acapella'}, {'start': 74, 'end': 83, 'probability': 0.3829, 'type': 'Place', 'normalized_text': '42ndstreet'}]}"
86,2018-06-08T13:43:07.000Z,None,Do you ever find yourself unintentionally #twinning with your coworkers? We do! Great (aviation‚úàÔ∏è) minds! #seersucker #GPT #OOTD https://t.co/OYiYhnIlSP,en,0,0,2,0,1005082798707929088,196741241,1005082798707929088,nan,nan,"{'hashtags': [{'start': 42, 'end': 51, 'tag': 'twinning'}, {'start': 106, 'end': 117, 'tag': 'seersucker'}, {'start': 118, 'end': 122, 'tag': 'GPT'}, {'start': 123, 'end': 128, 'tag': 'OOTD'}], 'urls': [{'start': 129, 'end': 152, 'url': 'https://t.co/OYiYhnIlSP', 'expanded_url': 'https://twitter.com/FlyGPT/status/1005082798707929088/photo/1', 'display_url': 'pic.twitter.com/OYiYhnIlSP', 'media_key': '3_1005082725835948033'}]}"
87,2018-06-08T13:25:01.000Z,None,"""GPT MALIKA"" Matt :spandek high quality Price :105.000 For order invite pin 24e7463a &amp; Wa 081222252114. https://t.co/WIc3FYicfs",en,0,0,0,0,1005078244540891136,1705333058,1005078244540891136,nan,nan,"{'urls': [{'start': 108, 'end': 131, 'url': 'https://t.co/WIc3FYicfs', 'expanded_url': 'https://twitter.com/vamoshASIA/status/569043027001364480/photo/1', 'display_url': 'pic.twitter.com/WIc3FYicfs', 'media_key': '3_569043021853769728'}], 'annotations': [{'start': 5, 'end': 10, 'probability': 0.3051, 'type': 'Other', 'normalized_text': 'MALIKA'}, {'start': 13, 'end': 16, 'probability': 0.3872, 'type': 'Person', 'normalized_text': 'Matt'}]}"
88,2018-06-08T13:18:48.000Z,None,Eyyy last retweets gpt me thinkingü§î,en,0,0,0,0,1005076680430505989,548455719,1005076680430505989,nan,nan,nan
89,2018-06-08T12:36:52.000Z,None,Watch the latest Print 7 News to find out all about the recent amalgamation of GPT and ADS to form ADAPT. As well as more information on the new HP R Series EXCLUSIVELY available at ADAPT #news #latest #ADAPT #print #newbusiness #ink #rollmedia #printers #HP #RSeries https://t.co/E7Bv9x4vz7,en,2,0,4,0,1005066127016366080,119071364,1005066127016366080,nan,nan,"{'hashtags': [{'start': 188, 'end': 193, 'tag': 'news'}, {'start': 194, 'end': 201, 'tag': 'latest'}, {'start': 202, 'end': 208, 'tag': 'ADAPT'}, {'start': 209, 'end': 215, 'tag': 'print'}, {'start': 216, 'end': 228, 'tag': 'newbusiness'}, {'start': 229, 'end': 233, 'tag': 'ink'}, {'start': 234, 'end': 244, 'tag': 'rollmedia'}, {'start': 245, 'end': 254, 'tag': 'printers'}, {'start': 255, 'end': 258, 'tag': 'HP'}, {'start': 259, 'end': 267, 'tag': 'RSeries'}], 'urls': [{'start': 268, 'end': 291, 'url': 'https://t.co/E7Bv9x4vz7', 'expanded_url': 'https://twitter.com/Print7TV/status/1004720693425115136', 'display_url': 'twitter.com/Print7TV/statu‚Ä¶'}], 'annotations': [{'start': 79, 'end': 81, 'probability': 0.6611, 'type': 'Other', 'normalized_text': 'GPT'}, {'start': 87, 'end': 89, 'probability': 0.6873, 'type': 'Other', 'normalized_text': 'ADS'}, {'start': 99, 'end': 103, 'probability': 0.8093, 'type': 'Other', 'normalized_text': 'ADAPT'}, {'start': 145, 'end': 148, 'probability': 0.6757, 'type': 'Other', 'normalized_text': 'HP R'}, {'start': 182, 'end': 186, 'probability': 0.775, 'type': 'Other', 'normalized_text': 'ADAPT'}, {'start': 203, 'end': 207, 'probability': 0.4767, 'type': 'Other', 'normalized_text': 'ADAPT'}, {'start': 256, 'end': 257, 'probability': 0.5033, 'type': 'Other', 'normalized_text': 'HP'}, {'start': 260, 'end': 266, 'probability': 0.4676, 'type': 'Other', 'normalized_text': 'RSeries'}]}"
90,2018-06-08T12:11:10.000Z,None,@Kestrel_GPT @Greenpower_USA @VTIZ_RacingTeam @RenishawGP @fireflyf24 @CAUC_SHS @SgaRusko The gents might not appreciate a 5 point üò¨,en,0,1,1,0,1005059660762812417,3033401211,1005058877187084288,759368568144289792,nan,"{'mentions': [{'start': 0, 'end': 12, 'username': 'Kestrel_GPT', 'id': '759368568144289792'}, {'start': 13, 'end': 28, 'username': 'Greenpower_USA', 'id': '2542644907'}, {'start': 29, 'end': 45, 'username': 'VTIZ_RacingTeam', 'id': '930552037456121857'}, {'start': 46, 'end': 57, 'username': 'RenishawGP', 'id': '730737240226287616'}, {'start': 58, 'end': 69, 'username': 'fireflyf24', 'id': '905406780477509632'}, {'start': 70, 'end': 79, 'username': 'CAUC_SHS', 'id': '1582536602'}, {'start': 80, 'end': 89, 'username': 'SgaRusko', 'id': '3930221050'}]}"
91,2018-06-08T12:08:04.000Z,None,2 days to go... cutting it fine but it‚Äôs harness fitting time üí™üèº 6 point for extra safety @Greenpower_USA @VTIZ_RacingTeam @RenishawGP @fireflyf24 @Kestrel_GPT @CAUC_SHS @SgaRusko https://t.co/3e9XpHuFUP,en,0,1,2,0,1005058877187084288,3033401211,1005058877187084288,nan,nan,"{'mentions': [{'start': 90, 'end': 105, 'username': 'Greenpower_USA', 'id': '2542644907'}, {'start': 106, 'end': 122, 'username': 'VTIZ_RacingTeam', 'id': '930552037456121857'}, {'start': 123, 'end': 134, 'username': 'RenishawGP', 'id': '730737240226287616'}, {'start': 135, 'end': 146, 'username': 'fireflyf24', 'id': '905406780477509632'}, {'start': 147, 'end': 159, 'username': 'Kestrel_GPT', 'id': '759368568144289792'}, {'start': 160, 'end': 169, 'username': 'CAUC_SHS', 'id': '1582536602'}, {'start': 170, 'end': 179, 'username': 'SgaRusko', 'id': '3930221050'}], 'urls': [{'start': 180, 'end': 203, 'url': 'https://t.co/3e9XpHuFUP', 'expanded_url': 'https://twitter.com/TeamBirdGP/status/1005058877187084288/photo/1', 'display_url': 'pic.twitter.com/3e9XpHuFUP', 'media_key': '3_1005058766230958080'}]}"
92,2018-06-08T11:48:33.000Z,None,"We are hiring in Uppsala, Sweden! Take a look at our website, https://t.co/aT60vxjiQH, #Gyrolabtechnology",en,0,0,0,0,1005053965917093888,2474323404,1005053965917093888,nan,nan,"{'hashtags': [{'start': 87, 'end': 105, 'tag': 'Gyrolabtechnology'}], 'urls': [{'start': 62, 'end': 85, 'url': 'https://t.co/aT60vxjiQH', 'expanded_url': 'http://www.gyrosproteintechnologies.com/careers-gpt', 'display_url': 'gyrosproteintechnologies.com/careers-gpt', 'status': 200, 'unwound_url': 'https://www.gyrosproteintechnologies.com/immunoassays/careers'}], 'annotations': [{'start': 17, 'end': 23, 'probability': 0.6032, 'type': 'Place', 'normalized_text': 'Uppsala'}, {'start': 26, 'end': 31, 'probability': 0.9408, 'type': 'Place', 'normalized_text': 'Sweden'}, {'start': 88, 'end': 104, 'probability': 0.5641, 'type': 'Other', 'normalized_text': 'Gyrolabtechnology'}]}"
93,2018-06-08T10:27:55.000Z,None,Hayop nayan. Sinacrifice ko Ubuntu at grub for the sake of uefi and gpt. Now bootup times is unexpectedly very slow.,en,0,0,0,0,1005033676751581185,1050070272,1005033676751581185,nan,nan,"{'annotations': [{'start': 6, 'end': 10, 'probability': 0.4683, 'type': 'Other', 'normalized_text': 'nayan'}, {'start': 28, 'end': 33, 'probability': 0.7728, 'type': 'Other', 'normalized_text': 'Ubuntu'}]}"
94,2018-06-08T08:50:28.000Z,None,"Microsoft only supports Windows installation on GPT partition in UEFI mode, this article will guide you to do this in Legacy BIOS mode.
https://t.co/UyyVIxP0zT",en,0,0,0,0,1005009150953132033,867914635252453376,1005009150953132033,nan,nan,"{'urls': [{'start': 136, 'end': 159, 'url': 'https://t.co/UyyVIxP0zT', 'expanded_url': 'https://www.aioboot.com/en/windows-10-gpt-legacy-bios/', 'display_url': 'aioboot.com/en/windows-10-‚Ä¶', 'status': 200, 'unwound_url': 'https://www.aioboot.com/en/windows-10-gpt-legacy-bios/'}], 'annotations': [{'start': 0, 'end': 8, 'probability': 0.9392, 'type': 'Organization', 'normalized_text': 'Microsoft'}, {'start': 24, 'end': 30, 'probability': 0.9418, 'type': 'Other', 'normalized_text': 'Windows'}, {'start': 48, 'end': 50, 'probability': 0.8067, 'type': 'Other', 'normalized_text': 'GPT'}, {'start': 65, 'end': 68, 'probability': 0.8376, 'type': 'Other', 'normalized_text': 'UEFI'}, {'start': 118, 'end': 128, 'probability': 0.7222, 'type': 'Other', 'normalized_text': 'Legacy BIOS'}]}"
95,2018-06-08T07:55:05.000Z,None,"Pollpass - it's like chatting to a friend and getting paid to do it! https://t.co/w9jo8MnkNf

#pollpass #makemoneyonline #workfromhome #GPT #surveys",en,0,0,0,0,1004995215332139008,964600830518214656,1004995215332139008,nan,nan,"{'hashtags': [{'start': 94, 'end': 103, 'tag': 'pollpass'}, {'start': 104, 'end': 120, 'tag': 'makemoneyonline'}, {'start': 121, 'end': 134, 'tag': 'workfromhome'}, {'start': 135, 'end': 139, 'tag': 'GPT'}, {'start': 140, 'end': 148, 'tag': 'surveys'}], 'urls': [{'start': 69, 'end': 92, 'url': 'https://t.co/w9jo8MnkNf', 'expanded_url': 'http://gptgenies.com/2018/06/pollpass-its-like-chatting-to-a-friend-but-making-money-for-doing-it/', 'display_url': 'gptgenies.com/2018/06/pollpa‚Ä¶', 'status': 200, 'unwound_url': 'https://gptgenies.com/2018/06/pollpass-its-like-chatting-to-a-friend-but-making-money-for-doing-it/'}], 'annotations': [{'start': 0, 'end': 7, 'probability': 0.4814, 'type': 'Other', 'normalized_text': 'Pollpass'}, {'start': 136, 'end': 138, 'probability': 0.3635, 'type': 'Other', 'normalized_text': 'GPT'}]}"
96,2018-06-08T05:52:17.000Z,None,@abdelmonaim_gpt @x1dxz What do you mean?,en,0,0,0,0,1004964311322595328,854258684096008196,1002450501290549248,3131718667,nan,"{'mentions': [{'start': 0, 'end': 16, 'username': 'abdelmonaim_gpt', 'id': '3131718667'}]}"
97,2018-06-08T05:09:53.000Z,None,"Gpt #noprivacy tonight. 
#cats #catlife https://t.co/0FbPu57xWi",en,0,0,0,0,1004953640250101760,972585192828399616,1004953640250101760,nan,nan,"{'urls': [{'start': 40, 'end': 63, 'url': 'https://t.co/0FbPu57xWi', 'expanded_url': 'https://twitter.com/simpleminded009/status/1004953640250101760/photo/1', 'display_url': 'pic.twitter.com/0FbPu57xWi', 'media_key': '3_1004953610428428288'}], 'hashtags': [{'start': 4, 'end': 14, 'tag': 'noprivacy'}, {'start': 25, 'end': 30, 'tag': 'cats'}, {'start': 31, 'end': 39, 'tag': 'catlife'}]}"
98,2018-06-08T04:10:23.000Z,None,@Picard_M_Maker @LeslieMaggie Him and his drug adled brother gpt away with a shit ton of üí©,en,0,1,3,0,1004938665750028289,821402709987328001,1004912281744896000,3795486743,nan,"{'mentions': [{'start': 16, 'end': 29, 'username': 'LeslieMaggie', 'id': '309932421'}]}"
99,2018-06-08T03:10:41.000Z,None,"@jazmine_alize He‚Äôll no, i gpt scprpio rising too and i be like ‚Äúbitch you gon cry all day or do summin bout it‚Äù lol",en,0,0,0,0,1004923644127186944,2939624477,1004916437067206657,972260283459743746,nan,"{'annotations': [{'start': 31, 'end': 37, 'probability': 0.5531, 'type': 'Other', 'normalized_text': 'scprpio'}]}"
100,2018-06-08T02:00:22.000Z,None,If you are interested in Non-Returnable visit https://t.co/KOZTj9T9Vk at Bargains Delivered,en,0,0,0,0,1004905947733680128,23439945,1004905947733680128,nan,nan,"{'urls': [{'start': 46, 'end': 69, 'url': 'https://t.co/KOZTj9T9Vk', 'expanded_url': 'http://www.bargainsdelivered.com/products/pic-gpt-4-glue-pest-trap-for-spiders-snakes-4-pk?utm_campaign=social_autopilot&utm_source=tweet&utm_medium=tweet', 'display_url': 'bargainsdelivered.com/products/pic-g‚Ä¶'}], 'annotations': [{'start': 73, 'end': 90, 'probability': 0.5634, 'type': 'Other', 'normalized_text': 'Bargains Delivered'}]}"
101,2018-06-08T01:16:12.000Z,None,"Top 3 sites for earning BTC [GPT: Get paid to] doing surveys, watching videos and completing offers https://t.co/JMqkwb2zo7",en,0,0,0,0,1004894832001724420,985949219021312000,1004894832001724420,nan,nan,"{'urls': [{'start': 100, 'end': 123, 'url': 'https://t.co/JMqkwb2zo7', 'expanded_url': 'https://makingonlinemoneyfast.com/top-3-sites-for-earning-btc-gpt-get-paid-to-doing-surveys-watching-videos-and-completing-offers/?utm_source=ReviveOldPost&utm_medium=social&utm_campaign=ReviveOldPost', 'display_url': 'makingonlinemoneyfast.com/top-3-sites-fo‚Ä¶'}], 'annotations': [{'start': 24, 'end': 26, 'probability': 0.7144, 'type': 'Other', 'normalized_text': 'BTC'}, {'start': 29, 'end': 31, 'probability': 0.4151, 'type': 'Other', 'normalized_text': 'GPT'}]}"
102,2018-06-08T00:49:15.000Z,None,"Interested in making money online with GPT apps, but aren't sure which type of device to get? Check out my blog post comparing Android and iOS operating systems: https://t.co/T3ECUl3xye #makemoneyonline",en,0,0,0,0,1004888050219016192,787364891116113920,1004888050219016192,nan,nan,"{'urls': [{'start': 162, 'end': 185, 'url': 'https://t.co/T3ECUl3xye', 'expanded_url': 'http://pinandbeermoney.blogspot.com/2018/06/discussion-ios-versus-android.html', 'display_url': 'pinandbeermoney.blogspot.com/2018/06/discus‚Ä¶'}], 'hashtags': [{'start': 186, 'end': 202, 'tag': 'makemoneyonline'}], 'annotations': [{'start': 39, 'end': 41, 'probability': 0.7919, 'type': 'Other', 'normalized_text': 'GPT'}, {'start': 127, 'end': 133, 'probability': 0.9707, 'type': 'Other', 'normalized_text': 'Android'}, {'start': 139, 'end': 141, 'probability': 0.9612, 'type': 'Other', 'normalized_text': 'iOS'}, {'start': 187, 'end': 201, 'probability': 0.4735, 'type': 'Other', 'normalized_text': 'makemoneyonline'}]}"
